<xml version="1.0">
<dashboard>
	<widget field="Direction" type="Boolean" class="edu.wpi.first.smartdashboard.gui.elements.TextBox">
		<location x="7" y="2"/>
	</widget>
	<widget field="Direction 2" type="Boolean" class="edu.wpi.first.smartdashboard.gui.elements.TextBox">
		<location x="9" y="20"/>
	</widget>
	<widget field="Rate" type="Number" class="edu.wpi.first.smartdashboard.gui.elements.TextBox">
		<location x="1715" y="30"/>
	</widget>
	<widget field="Winch Cylinder" type="Boolean" class="edu.wpi.first.smartdashboard.gui.elements.TextBox">
		<location x="18" y="0"/>
	</widget>
	<widget field="DriveTrain" type="Subsystem" class="edu.wpi.first.smartdashboard.gui.elements.Subsystem">
		<location x="2080" y="0"/>
	</widget>
	<widget field="Stopped" type="Boolean" class="edu.wpi.first.smartdashboard.gui.elements.TextBox">
		<location x="1714" y="0"/>
	</widget>
	<widget field="Avg Distance" type="Number" class="edu.wpi.first.smartdashboard.gui.elements.TextBox">
		<location x="1461" y="60"/>
	</widget>
	<widget field="Distance 2" type="Number" class="edu.wpi.first.smartdashboard.gui.elements.TextBox">
		<location x="1461" y="30"/>
	</widget>
	<widget field="Stopped 2" type="Boolean" class="edu.wpi.first.smartdashboard.gui.elements.TextBox">
		<location x="1461" y="0"/>
	</widget>
	<widget field="Reset" type="String" class="edu.wpi.first.smartdashboard.gui.elements.TextBox">
		<location x="797" y="30"/>
	</widget>
	<widget field="Count" type="Number" class="edu.wpi.first.smartdashboard.gui.elements.TextBox">
		<location x="797" y="0"/>
	</widget>
	<widget field="Rate 2" type="Number" class="edu.wpi.first.smartdashboard.gui.elements.TextBox">
		<location x="576" y="0"/>
	</widget>
	<widget field="Count 2" type="Number" class="edu.wpi.first.smartdashboard.gui.elements.TextBox">
		<location x="159" y="0"/>
	</widget>
	<widget field="Winch Set" type="Boolean" class="edu.wpi.first.smartdashboard.gui.elements.BooleanBox">
		<location x="1206" y="714"/>
		<width>134</width>
		<height>50</height>
	</widget>
	<widget field="Distance Forward" type="Number" class="edu.wpi.first.smartdashboard.gui.elements.TextBox">
		<location x="1146" y="894"/>
	</widget>
	<widget field="Shooter Distance" type="Boolean" class="edu.wpi.first.smartdashboard.gui.elements.BooleanBox">
		<location x="1197" y="660"/>
		<width>185</width>
		<height>47</height>
	</widget>
	<widget field="Gear Distance" type="Boolean" class="edu.wpi.first.smartdashboard.gui.elements.BooleanBox">
		<location x="1200" y="603"/>
		<width>160</width>
		<height>47</height>
	</widget>
	<widget field="Forward" type="Number" class="edu.wpi.first.smartdashboard.gui.elements.TextBox">
		<location x="1184" y="775"/>
	</widget>
	<widget field="Theta" type="Number" class="edu.wpi.first.smartdashboard.gui.elements.TextBox">
		<location x="1196" y="814"/>
	</widget>
	<widget field="Distance" type="Number" class="edu.wpi.first.smartdashboard.gui.elements.TextBox">
		<location x="1179" y="858"/>
	</widget>
	<widget field="Auto Selector" type="String" class="edu.wpi.first.smartdashboard.gui.elements.TextBox">
		<location x="1167" y="113"/>
	</widget>
	<widget field="Auto choices" type="String Chooser" class="edu.wpi.first.smartdashboard.gui.elements.Chooser">
		<location x="1224" y="269"/>
	</widget>
	<static-widget class="edu.wpi.first.smartdashboard.gui.elements.Label">
		<location x="1221" y="74"/>
		<property name="Text" value="M.A.X.W.E.L.L."/>
		<property name="Text Size" value="25"/>
	</static-widget>
	<static-widget class="edu.wpi.first.smartdashboard.gui.elements.Label">
		<location x="1239" y="41"/>
		<property name="Text" value="Team #6027"/>
		<property name="Text Size" value="24"/>
		<property name="Text Style" value="Bold"/>
	</static-widget>
	<static-widget class="edu.wpi.first.smartdashboard.gui.elements.ConnectionIndicator">
		<location x="2412" y="5"/>
		<width>137</width>
		<height>83</height>
	</static-widget>
	<static-widget class="edu.wpi.first.smartdashboard.gui.elements.ConnectionIndicator">
		<location x="3" y="-1"/>
		<width>155</width>
		<height>74</height>
	</static-widget>
	<static-widget class="edu.wpi.first.smartdashboard.gui.elements.Label">
		<location x="1131" y="8"/>
		<width>329</width>
		<height>41</height>
		<property name="Text" value="FRC 2017 STEAMworks"/>
		<property name="Text Size" value="30"/>
		<property name="Text Style" value="Italic"/>
	</static-widget>
	<static-widget class="edu.wpi.first.smartdashboard.gui.elements.CameraServerViewer">
		<location x="1476" y="110"/>
		<width>1084</width>
		<height>843</height>
		<property name="Camera Choice" value="USB Camera 1"/>
	</static-widget>
	<static-widget class="edu.wpi.first.smartdashboard.gui.elements.CameraServerViewer">
		<location x="-3" y="76"/>
		<width>1150</width>
		<height>855</height>
		<property name="Camera Choice" value="USB Camera 0"/>
	</static-widget>
	<static-widget class="edu.wpi.first.smartdashboard.gui.elements.Label">
		<location x="1965" y="27"/>
		<property name="Text" value="Front"/>
		<property name="Text Size" value="45"/>
		<property name="Text Style" value="Bold"/>
	</static-widget>
	<static-widget class="edu.wpi.first.smartdashboard.gui.elements.Label">
		<location x="480" y="12"/>
		<property name="Text" value="Back"/>
		<property name="Text Size" value="40"/>
		<property name="Text Style" value="Bold"/>
	</static-widget>
	<static-widget class="edu.wpi.first.smartdashboard.gui.elements.Label">
		<location x="1221" y="74"/>
		<property name="Text" value="M.A.X.W.E.L.L."/>
		<property name="Text Size" value="25"/>
	</static-widget>
	<static-widget class="edu.wpi.first.smartdashboard.gui.elements.Label">
		<location x="1239" y="41"/>
		<property name="Text" value="Team #6027"/>
		<property name="Text Size" value="24"/>
		<property name="Text Style" value="Bold"/>
	</static-widget>
	<static-widget class="edu.wpi.first.smartdashboard.gui.elements.ConnectionIndicator">
		<location x="2412" y="5"/>
		<width>137</width>
		<height>83</height>
	</static-widget>
	<static-widget class="edu.wpi.first.smartdashboard.gui.elements.ConnectionIndicator">
		<location x="3" y="-1"/>
		<width>155</width>
		<height>74</height>
	</static-widget>
	<static-widget class="edu.wpi.first.smartdashboard.gui.elements.Label">
		<location x="1131" y="8"/>
		<width>329</width>
		<height>41</height>
		<property name="Text" value="FRC 2017 STEAMworks"/>
		<property name="Text Size" value="30"/>
		<property name="Text Style" value="Italic"/>
	</static-widget>
	<static-widget class="edu.wpi.first.smartdashboard.gui.elements.CameraServerViewer">
		<location x="1464" y="92"/>
		<width>1084</width>
		<height>840</height>
		<property name="Camera Choice" value="USB Camera 1"/>
	</static-widget>
	<static-widget class="edu.wpi.first.smartdashboard.gui.elements.CameraServerViewer">
		<location x="-3" y="76"/>
		<width>1150</width>
		<height>855</height>
		<property name="Camera Choice" value="USB Camera 0"/>
	</static-widget>
</dashboard>
<live-window>
</live-window>
</xml>